Date,Open,High,Low,Close,Volume
2013-02-08,40.87,41.35,40.81,41.26,8003177
2013-02-11,41.24,41.44,40.73,40.87,8821128
2013-02-12,40.99,41.15,40.64,40.71,5599618
2013-02-13,40.83,41.1,40.63,40.84,6009575
2013-02-14,40.72,43.96,40.72,43.32,26175786
2013-02-15,43.0,43.2,42.24,42.7,19394089
2013-02-19,43.54,43.96,42.59,42.81,15348601
2013-02-20,42.86,42.95,41.55,41.62,15692625
2013-02-21,41.36,41.43,40.26,40.77,18734922
2013-02-22,40.91,41.19,40.325,41.11,9084681
2013-02-25,41.4,41.75,39.75,39.85,9781196
2013-02-26,40.02,40.68,39.485,40.49,9852377
2013-02-27,40.1,41.4,40.06,41.27,9178724
2013-02-28,41.23,41.98,40.92,41.51,9741917
2013-03-01,41.17,41.36,40.465,40.63,9560392
2013-03-04,40.19,40.5,39.52,39.96,9178598
2013-03-05,40.15,41.02,40.0,41.0,9066735
2013-03-06,41.46,41.46,40.35,40.8,6609930
2013-03-07,41.06,41.43,40.47,41.41,9665281
2013-03-08,41.78,42.22,41.48,42.08,11000400
2013-03-11,41.9,42.27,41.6,42.0,9047012
2013-03-12,42.05,42.55,41.71,41.96,7073090
2013-03-13,41.99,42.378,41.643,41.84,8237954
2013-03-14,41.96,42.64,41.64,42.54,8683120
2013-03-15,42.35,42.64,41.88,41.9,14429722
2013-03-18,41.16,41.8,40.48,40.73,13678569
2013-03-19,40.77,40.93,38.83,39.62,27651760
2013-03-20,40.0,40.12,38.8665,39.44,13585221
2013-03-21,39.5,40.07,39.36,39.47,10858353
2013-03-22,39.53,39.9,39.0,39.16,14656637
2013-03-25,39.6,39.85,39.175,39.65,9896599
2013-03-26,39.81,40.18,39.71,40.13,11004033
2013-03-27,39.97,40.89,39.63,40.66,8292448
2013-03-28,40.58,40.71,40.12,40.41,7118907
2013-04-01,40.35,40.44,39.46,39.93,6884331
2013-04-02,39.93,40.39,39.58,39.89,6905871
2013-04-03,39.94,40.06,38.45,38.75,12978800
2013-04-04,38.75,38.8433,38.19,38.54,10367999
2013-04-05,37.98,38.73,37.8,38.6,14112823
2013-04-08,38.54,38.6586,38.141,38.41,10548350
2013-04-09,38.47,39.27,38.18,39.11,8488957
2013-04-10,39.15,40.68,39.14,40.39,10962560
2013-04-11,40.52,41.24,40.11,41.17,10107720
2013-04-12,40.79,40.93,40.08,40.86,9618439
2013-04-15,40.09,40.21,38.55,38.66,13482251
2013-04-16,39.1,39.77,38.56,39.69,9736628
2013-04-17,39.22,39.24,37.45,37.69,17464857
2013-04-18,37.77,38.365,37.07,37.71,15808444
2013-04-19,38.07,38.49,36.77,37.21,20003984
2013-04-22,38.96,39.41,38.05,39.29,26096316
2013-04-23,39.45,39.98,38.99,39.69,14161295
2013-04-24,40.32,41.8,40.27,40.92,16266267
2013-04-25,41.04,41.6,40.66,40.75,10031421
2013-04-26,40.54,40.85,40.16,40.57,6921221
2013-04-29,40.87,41.98,40.46,41.57,11177789
2013-04-30,41.6,42.82,41.56,42.77,21270145
2013-05-01,42.0,42.33,41.69,42.08,12828496
2013-05-02,42.21,42.6,41.835,42.4,12119261
2013-05-03,42.79,43.24,42.45,42.55,11348318
2013-05-06,42.46,43.31,42.45,43.06,7955939
2013-05-07,43.25,43.79,42.88,43.42,8226533
2013-05-08,43.4,43.79,43.06,43.7,6773893
2013-05-09,43.63,43.75,43.26,43.56,6691913
2013-05-10,43.2,43.4,42.76,43.39,8941826
2013-05-13,43.13,43.63,43.13,43.56,8863841
2013-05-14,43.56,44.57,43.39,44.2,11698585
2013-05-15,43.96,44.265,43.155,44.13,9650094
2013-05-16,44.11,44.44,43.73,43.85,8220080
2013-05-17,44.63,45.25,44.41,45.25,13356925
2013-05-20,45.02,45.63,44.9,45.55,8296068
2013-05-21,45.58,45.75,43.9,44.83,17699422
2013-05-22,44.8,45.06,43.72,44.02,13182626
2013-05-23,42.45,43.64,41.91,43.52,11128302
2013-05-24,43.36,43.36,42.58,43.02,8454298
2013-05-28,43.8,43.95,43.2575,43.37,9243719
2013-05-29,42.99,43.76,42.96,43.57,6382111
2013-05-30,42.68,43.06,42.03,42.63,15691349
2013-05-31,42.41,42.68,41.85,41.85,9362387
2013-06-03,41.93,42.43,41.55,42.39,8136953
2013-06-04,42.29,42.87,41.77,41.99,10579589
2013-06-05,41.9,42.12,41.68,41.76,9560406
2013-06-06,41.83,42.38,41.38,42.35,7737192
2013-06-07,42.57,43.25,42.25,43.16,7279234
2013-06-10,43.32,43.34,42.59,42.82,6137297
2013-06-11,42.22,42.62,41.83,42.04,6636040
2013-06-12,42.37,42.59,41.6,41.61,6972980
2013-06-13,41.66,43.2,41.66,43.08,7249557
2013-06-14,43.38,43.5,42.68,42.93,7506206
2013-06-17,43.36,43.94,43.24,43.62,6744630
2013-06-18,43.63,44.47,43.63,44.07,9805712
2013-06-19,43.99,44.35,43.05,43.05,9389408
2013-06-20,42.46,42.59,41.62,41.8,11032978
2013-06-21,42.1,42.25,41.19,41.79,10240454
2013-06-24,41.21,41.43,40.12,40.95,11160285
2013-06-25,41.45,41.75,40.96,41.15,10536968
2013-06-26,41.49,41.8,41.2,41.47,8239800
2013-06-27,41.67,42.1,41.61,41.84,6786924
2013-06-28,41.7,42.18,41.5,41.72,9600479
2013-07-01,42.03,42.62,41.86,42.45,8624055
2013-07-02,42.44,43.34,42.41,42.79,9190731
2013-07-03,42.77,43.304,42.56,42.65,3772123
2013-07-05,43.01,43.8299,42.659,43.71,6014193
2013-07-08,44.0,44.2,43.65,43.92,7505370
2013-07-09,44.31,44.57,44.05,44.31,8332135
2013-07-10,44.23,44.78,43.89,44.13,7712661
2013-07-11,44.75,44.87,43.665,44.18,7294411
2013-07-12,44.07,44.67,43.9701,44.64,5130797
2013-07-15,44.67,44.69,43.8,44.11,7297397
2013-07-16,44.19,44.32,43.43,43.63,5608569
2013-07-17,43.64,44.23,43.64,44.14,8307187
2013-07-18,44.22,44.93,44.16,44.74,9196682
2013-07-19,45.1,45.99,44.93,45.83,15152532
2013-07-22,46.09,46.66,44.81,45.08,17306257
2013-07-23,45.62,46.24,45.52,45.58,10816744
2013-07-24,45.64,45.78,44.62,44.82,8235418
2013-07-25,44.64,45.14,43.78,44.34,12299591
2013-07-26,46.45,46.5,45.54,45.98,23512096
2013-07-29,45.73,45.85,45.3265,45.53,11513201
2013-07-30,45.59,45.59,44.94,45.23,8185985
2013-07-31,45.19,45.62,44.96,45.19,8360982
2013-08-01,45.72,46.485,45.67,46.41,9101265
2013-08-02,46.28,46.485,46.05,46.3,5322671
2013-08-05,46.16,46.25,45.76,46.05,4540304
2013-08-06,45.88,46.09,45.54,45.85,6140511
2013-08-07,45.57,45.8,45.34,45.53,5354333
2013-08-08,45.83,46.5,45.83,46.14,8820856
2013-08-09,46.18,46.49,45.72,46.03,5217295
2013-08-12,45.73,46.19,45.6175,46.02,5256032
2013-08-13,46.19,46.99,46.15,46.58,8431966
2013-08-14,46.67,46.99,46.53,46.82,6822659
2013-08-15,46.5,46.78,46.27,46.68,6940017
2013-08-16,46.58,46.98,46.54,46.95,7932250
2013-08-19,46.83,47.19,46.55,46.65,12593021
2013-08-20,46.6,47.665,46.4802,47.35,15040222
2013-08-21,47.22,47.5,46.91,46.98,18657549
2013-08-22,47.19,47.97,47.01,47.82,22194651
2013-08-23,47.31,48.77,47.1499,48.71,39570524
2013-08-26,48.73,49.37,48.38,48.44,11125727
2013-08-27,47.98,48.72,47.68,48.13,13077094
2013-08-28,48.07,49.28,48.05,48.9,9910743
2013-08-29,49.0,49.05,48.23,48.54,10600179
2013-08-30,48.25,48.4,47.915,48.0,9777097
2013-09-03,48.35,48.54,47.98,48.3,6959046
2013-09-04,48.85,49.41,48.4801,49.08,9141997
2013-09-05,49.28,50.14,49.24,49.77,9242053
2013-09-06,49.84,50.275,49.3799,49.54,7976015
2013-09-09,49.24,50.485,49.235,50.26,7856278
2013-09-10,50.34,50.5,50.0,50.32,6717097
2013-09-11,49.4,50.34,49.33,50.19,10282587
2013-09-12,49.44,49.715,48.96,49.2,9579340
2013-09-13,49.28,49.74,48.98,49.69,6619083
2013-09-16,49.98,50.38,49.62,49.82,5518069
2013-09-17,49.72,49.99,49.29,49.67,7998630
2013-09-18,49.72,50.25,48.98,49.75,9290587
2013-09-19,49.98,50.03,49.41,49.54,9058401
2013-09-20,49.7,49.885,49.315,49.34,10457551
2013-09-23,49.2,49.34,48.35,48.39,8823179
2013-09-24,48.4,49.11,48.1,48.75,7451438
2013-09-25,49.2001,49.2727,48.62,48.88,6331815
2013-09-26,48.87,49.25,48.5103,48.71,5833970
2013-09-27,48.24,48.5,47.96,48.39,7766794
2013-09-30,47.94,48.49,47.46,48.15,6375327
2013-10-01,48.11,48.74,47.99,48.6,6485322
2013-10-02,48.43,49.1,48.2,49.09,5823880
2013-10-03,49.06,49.29,48.11,48.4,6842231
2013-10-04,48.4,49.4,48.07,49.06,5639811
2013-10-07,48.74,49.52,48.6,49.02,6683156
2013-10-08,49.05,49.635,48.49,48.66,6479366
2013-10-09,48.92,49.08,48.08,48.56,7398042
2013-10-10,49.01,50.11,48.9601,50.0,7196766
2013-10-11,49.7,51.04,49.54,50.67,8186921
2013-10-14,50.35,51.42,50.14,51.35,5788472
2013-10-15,51.24,51.505,50.5,51.16,7407137
2013-10-16,51.35,52.12,51.03,51.97,7707204
2013-10-17,51.91,52.01,51.49,51.72,6323304
2013-10-18,52.39,52.93,52.1,52.47,12041972
2013-10-21,51.07,51.84,50.4,50.66,14530267
2013-10-22,50.91,52.08,50.9,51.78,10409463
2013-10-23,51.48,51.52,50.56,50.74,8746722
2013-10-24,50.945,51.19,50.17,51.1,6222160
2013-10-25,51.26,51.81,51.23,51.69,6718950
2013-10-28,51.76,52.18,51.54,52.03,6784004
2013-10-29,52.13,53.29,52.09,53.25,7821295
2013-10-30,53.4,53.9447,52.76,53.26,8665441
2013-10-31,53.19,53.673,52.84,53.03,6521158
2013-11-01,53.17,53.35,52.6,53.23,5705726
2013-11-04,53.33,54.06,53.0,54.04,7673694
2013-11-05,53.71,53.77,52.85,53.13,7257160
2013-11-06,53.39,54.5,52.72,54.4,14478199
2013-11-07,54.83,55.365,53.28,53.9,14590124
2013-11-08,53.83,55.32,53.77,55.32,10028909
2013-11-11,55.29,56.15,55.19,55.3,7364729
2013-11-12,54.96,55.08,54.2,54.46,7469880
2013-11-13,54.19,55.54,53.72,55.54,6868400
2013-11-14,55.63,56.46,55.282,56.26,8049705
2013-11-15,56.47,56.52,55.8,56.23,8752169
2013-11-18,55.99,56.13,54.06,54.33,9193530
2013-11-19,54.1,54.6,53.565,53.76,7989372
2013-11-20,54.33,54.33,53.3,53.58,5676910
2013-11-21,53.63,54.36,53.42,54.2,6543957
2013-11-22,54.54,54.54,53.88,54.5,5717986
2013-11-25,54.37,54.53,52.6,52.7,11316990
2013-11-26,52.61,53.32,52.31,53.18,8794129
2013-11-27,52.92,53.58,52.16,52.42,6461378
2013-11-29,52.64,53.34,52.04,52.68,4336524
2013-12-02,52.83,52.98,51.71,52.01,7671537
2013-12-03,51.91,52.33,51.3,52.02,9242454
2013-12-04,51.62,51.72,49.96,50.62,17674814
2013-12-05,50.49,50.9,50.21,50.48,9211727
2013-12-06,51.06,51.1,50.35,50.56,8582778
2013-12-09,50.7,50.75,49.73,49.91,9755982
2013-12-10,49.56,50.04,49.14,49.43,13570312
2013-12-11,49.56,49.96,48.82,48.99,13104783
2013-12-12,49.06,49.85,48.85,49.59,13261501
2013-12-13,49.26,49.7,49.01,49.39,9402877
2013-12-16,49.73,50.35,49.62,50.13,9297897
2013-12-17,50.32,50.46,49.09,49.35,11957818
2013-12-18,49.07,49.98,48.8,49.91,15076762
2013-12-19,49.86,49.9,48.71,49.42,12961567
2013-12-20,49.59,50.8999,49.5,50.54,16973678
2013-12-23,50.97,51.25,50.3,50.3,7881136
2013-12-24,50.28,50.89,50.25,50.68,2438810
2013-12-26,50.89,51.345,50.87,51.21,4574002
2013-12-27,51.22,51.43,51.005,51.08,4384907
2013-12-30,51.1,51.19,50.34,50.4,6476510
2013-12-31,50.45,50.82,50.19,50.75,5390318
2014-01-02,50.47,50.67,49.63,50.01,7420119
2014-01-03,50.02,50.42,49.94,50.13,5323624
2014-01-06,50.81,50.93,49.875,50.32,8439586
2014-01-07,50.68,50.69,49.88,50.2,7748041
2014-01-08,50.17,50.18,49.11,49.5,9145346
2014-01-09,50.17,50.18,49.19,49.61,7941738
2014-01-10,49.52,50.54,49.43,50.52,8841730
2014-01-13,50.47,50.49,49.48,49.58,6789351
2014-01-14,49.76,50.52,49.76,50.4,5998515
2014-01-15,50.49,50.94,50.15,50.64,6329627
2014-01-16,50.51,50.91,50.3,50.9,6682803
2014-01-17,51.28,51.36,50.48,50.66,9615885
2014-01-21,51.19,51.5,49.06,49.78,20961938
2014-01-22,50.15,50.84,49.73,50.54,9494011
2014-01-23,50.61,50.98,49.86,50.11,8907541
2014-01-24,49.44,49.44,48.4325,48.61,12454212
2014-01-27,48.71,48.97,47.97,48.49,9203450
2014-01-28,48.66,48.73,47.94,48.33,7845471
2014-01-29,47.96,48.56,47.6,48.2,10184280
2014-01-30,48.78,49.69,48.46,49.44,9484728
2014-01-31,48.67,49.43,48.44,49.01,9216456
2014-02-03,49.07,49.18,47.95,48.33,9669817
2014-02-04,48.585,49.5,48.33,49.36,10595404
2014-02-05,49.37,49.7,48.99,49.27,9686332
2014-02-06,49.5,50.9,49.45,50.76,13021391
2014-02-07,51.09,52.13,50.98,51.97,13091191
2014-02-10,51.94,52.035,51.33,51.87,8103423
2014-02-11,52.18,53.96,52.12,53.84,12049423
2014-02-12,53.74,54.0,53.035,53.12,11091266
2014-02-13,52.7,54.03,52.63,53.46,8142689
2014-02-14,53.42,53.92,53.26,53.57,6770550
2014-02-18,53.66,54.3,53.5,54.13,8523457
2014-02-19,53.92,54.98,53.87,54.53,7915968
2014-02-20,54.53,55.54,54.45,55.38,8772048
2014-02-21,55.55,55.96,55.25,55.3,8785997
2014-02-24,55.85,57.01,55.8,56.37,9512777
2014-02-25,56.03,56.06,54.8,55.58,11066697
2014-02-26,55.59,55.95,55.11,55.16,6182498
2014-02-27,55.12,55.74,54.85,55.69,6898434
2014-02-28,55.94,57.42,55.66,57.0,10225154
2014-03-03,56.29,57.13,56.05,56.38,8840020
2014-03-04,57.02,57.25,56.74,56.9,6721752
2014-03-05,56.86,57.35,56.0624,56.19,7547339
2014-03-06,56.29,57.225,56.22,56.92,5802910
2014-03-07,57.12,57.12,55.85,56.2,8821637
2014-03-10,55.98,56.5,55.75,56.47,6015870
2014-03-11,56.6,57.02,55.43,55.72,10062137
2014-03-12,55.25,55.495,54.58,55.39,8437982
2014-03-13,55.5,55.79,54.57,55.25,8788207
2014-03-14,55.22,55.54,55.02,55.19,7917371
2014-03-17,55.46,56.69,55.46,56.62,6130699
2014-03-18,56.77,57.09,56.46,56.9,5547488
2014-03-19,56.75,57.17,56.35,56.78,6058619
2014-03-20,56.57,57.465,56.35,57.36,5458022
2014-03-21,57.89,58.96,57.59,58.06,11963068
2014-03-24,58.27,58.7,57.48,57.78,6163418
2014-03-25,58.34,59.38,58.18,59.14,7407262
2014-03-26,59.19,59.69,58.31,58.37,6265337
2014-03-27,58.51,59.1,57.36,58.09,10475667
2014-03-28,58.38,59.5,58.0,59.46,6106730
2014-03-31,59.91,59.99,58.78,58.89,7407352
2014-04-01,58.69,59.65,58.69,59.63,7968767
2014-04-02,59.55,60.1,59.356,59.93,6821775
2014-04-03,59.82,60.3,59.5,59.8,7054370
2014-04-04,60.22,60.52,59.2649,59.31,8606702
2014-04-07,59.15,59.26,57.36,57.36,11207551
2014-04-08,57.51,58.66,57.39,58.51,8219576
2014-04-09,58.73,58.92,57.86,58.79,5946308
2014-04-10,58.94,59.21,57.71,57.91,8232543
2014-04-11,57.45,58.31,57.13,57.61,8030912
2014-04-14,57.88,59.53,57.8,59.08,7298734
2014-04-15,59.49,60.035,58.88,59.97,9409982
2014-04-16,60.21,60.7397,60.0,60.5,6413500
2014-04-17,61.15,61.46,60.08,60.9,11675452
2014-04-21,61.54,63.88,61.47,62.92,13992620
2014-04-22,62.82,63.655,62.2101,63.38,9382116
2014-04-23,64.15,65.11,64.01,64.72,13812378
2014-04-24,64.74,64.98,63.12,63.49,10324643
2014-04-25,63.15,63.52,62.68,62.86,7973169
2014-04-28,63.0,63.375,62.02,62.78,7738915
2014-04-29,63.34,64.51,63.0,63.01,8503180
2014-04-30,62.61,63.37,62.08,63.07,7503178
2014-05-01,63.13,63.36,62.41,62.91,5100177
2014-05-02,63.16,63.97,62.69,63.86,7514366
2014-05-05,63.31,64.16,63.06,63.91,4736224
2014-05-06,63.98,64.02,63.42,63.52,4927645
2014-05-07,63.99,64.8,63.4,64.74,6633300
2014-05-08,64.92,64.935,63.336,63.43,5927324
2014-05-09,63.41,63.75,62.62,63.5,5415660
2014-05-12,63.84,64.22,63.16,64.17,3994825
2014-05-13,64.51,64.93,63.89,64.1,5790758
2014-05-14,63.87,64.795,63.76,63.99,6044391
2014-05-15,63.68,63.72,61.2,62.37,9560956
2014-05-16,62.43,62.88,61.82,62.85,6699362
2014-05-19,62.46,63.38,62.42,63.21,4476248
2014-05-20,63.19,63.37,62.59,62.88,3910124
2014-05-21,63.19,63.4,62.8,63.17,4555273
2014-05-22,63.18,63.89,63.14,63.41,5045828
2014-05-23,63.53,64.41,63.14,64.01,4912343
2014-05-27,64.18,64.36,63.57,63.97,4178307
2014-05-28,63.67,63.9,63.09,63.44,5814468
2014-05-29,63.61,64.15,63.2,64.0,5780423
2014-05-30,63.83,64.69,63.58,64.64,6373774
2014-06-02,64.69,65.51,64.37,65.01,5788738
2014-06-03,64.92,65.6,64.53,65.57,5000838
2014-06-04,65.46,65.59,64.8,65.39,4478838
2014-06-05,65.26,66.195,65.11,65.89,4359766
2014-06-06,66.05,67.0071,65.99,66.98,5394907
2014-06-09,66.83,67.3201,66.62,67.17,5228052
2014-06-10,67.02,67.35,66.802,67.11,3518135
2014-06-11,66.74,67.0,66.33,66.94,3373102
2014-06-12,67.38,68.14,66.62,66.64,9660889
2014-06-13,66.61,67.69,66.04,67.58,5617689
2014-06-16,67.58,67.87,66.94,67.61,4491623
2014-06-17,67.48,68.07,67.21,67.61,3589522
2014-06-18,67.92,68.62,67.41,68.5,6269389
2014-06-19,68.45,69.0,68.025,68.98,4846530
2014-06-20,69.41,70.62,69.11,70.24,10049610
2014-06-23,70.45,70.79,70.0,70.37,5374228
2014-06-24,70.35,70.35,68.07,68.16,7037057
2014-06-25,68.05,69.7199,67.85,69.44,9139780
2014-06-26,69.63,70.37,69.35,69.55,7733195
2014-06-27,69.11,70.49,68.92,70.47,6854892
2014-06-30,70.54,71.255,70.21,71.01,6259462
2014-07-01,71.27,71.46,70.77,70.85,5575030
2014-07-02,70.64,71.27,70.6,70.82,4907610
2014-07-03,70.98,71.03,70.34,70.97,2506595
2014-07-07,70.27,70.46,69.62,70.16,4446371
2014-07-08,70.03,70.14,68.96,69.66,5554851
2014-07-09,70.03,70.75,69.92,70.67,4460679
2014-07-10,69.73,69.9,68.91,69.35,5630753
2014-07-11,69.24,69.35,68.66,68.99,4652156
2014-07-14,69.41,70.01,69.12,69.8,5290111
2014-07-15,69.59,70.37,69.27,70.26,7133528
2014-07-16,70.64,71.94,70.34,71.86,7158099
2014-07-17,71.88,71.9,70.285,70.35,5844381
2014-07-18,70.33,71.15,69.92,70.93,7112095
2014-07-21,70.97,72.2,70.65,71.0,9456977
2014-07-22,71.7,73.43,71.59,73.29,11419188
2014-07-23,73.34,74.33,72.52,74.02,8127446
2014-07-24,74.1,74.33,73.23,73.41,6243555
2014-07-25,73.35,73.66,72.74,73.41,4506309
2014-07-28,73.06,73.16,72.13,72.64,4237626
2014-07-29,72.78,72.78,71.21,71.22,6516100
2014-07-30,71.35,71.86,70.653,70.74,6361227
2014-07-31,70.25,70.31,68.51,68.99,9979608
2014-08-01,68.57,69.16,67.37,68.72,9411935
2014-08-04,69.02,70.33,68.41,70.09,7052410
2014-08-05,69.78,69.82,66.77,67.72,9493576
2014-08-06,67.2,69.23,67.15,67.96,6468565
2014-08-07,68.35,68.55,67.03,67.37,6886202
2014-08-08,67.57,68.38,67.25,68.31,5645767
2014-08-11,69.07,69.94,68.79,69.42,6187669
2014-08-12,68.82,69.39,68.49,69.02,5067250
2014-08-13,69.43,69.86,69.04,69.54,3895779
2014-08-14,69.83,69.85,67.17,67.34,8358153
2014-08-15,67.79,68.47,67.36,68.42,6847170
2014-08-18,68.91,69.27,68.53,68.87,5018851
2014-08-19,69.0,69.46,68.64,68.77,5814814
2014-08-20,68.98,69.0,68.05,68.78,4444567
2014-08-21,68.91,68.91,68.05,68.34,4710170
2014-08-22,68.23,68.3,67.26,67.47,5130588
2014-08-25,67.91,68.61,67.5396,68.55,5063432
2014-08-26,68.97,70.495,68.8,69.81,7822795
2014-08-27,69.81,69.81,68.07,68.48,15545977
2014-08-28,68.11,68.26,67.27,67.38,7429945
2014-08-29,67.31,67.6692,67.15,67.61,5249885
2014-09-02,68.17,68.18,66.23,67.49,10644635
2014-09-03,68.03,68.18,66.81,67.58,8111513
2014-09-04,67.53,67.94,66.23,66.55,10185419
2014-09-05,66.515,67.64,65.88,67.45,8977092
2014-09-08,67.04,67.14,65.94,66.31,8824589
2014-09-09,66.22,66.92,65.465,65.83,5912487
2014-09-10,65.79,66.75,65.43,66.71,6107506
2014-09-11,66.12,67.29,65.73,67.07,6610762
2014-09-12,66.69,66.79,65.61,65.86,6321154
2014-09-15,65.65,66.43,64.91,66.28,5987735
2014-09-16,66.09,67.89,65.99,67.29,6331054
2014-09-17,67.63,67.68,65.85,66.24,6369853
2014-09-18,66.79,66.8,65.9,66.33,5760702
2014-09-19,66.63,66.99,66.17,66.51,8488695
2014-09-22,66.3,66.3,64.38,64.68,8763410
2014-09-23,64.65,65.37,64.21,64.8,5506513
2014-09-24,64.82,65.0,63.06,64.72,10415687
2014-09-25,64.48,64.88,63.33,63.66,6286363
2014-09-26,63.83,66.26,63.65,65.88,7892217
2014-09-29,64.9,65.79,64.46,65.61,8432262
2014-09-30,65.29,66.25,63.93,64.51,8893245
2014-10-01,64.63,64.88,62.08,62.47,9728748
2014-10-02,61.9,61.93,59.67,61.44,15773142
2014-10-03,62.26,62.28,60.64,61.86,7214681
2014-10-06,61.97,62.85,60.93,61.68,7164882
2014-10-07,61.31,62.62,61.06,61.21,7179271
2014-10-08,60.66,60.84,57.85,60.41,21116246
2014-10-09,59.88,59.94,56.87,57.28,17293383
2014-10-10,57.02,57.17,53.82,54.29,29438914
2014-10-13,54.04,54.84,49.87,50.26,25685299
2014-10-14,50.62,51.73,48.91,49.63,27480741
2014-10-15,49.27,51.29,48.17,50.64,30384038
2014-10-16,48.9,52.88,48.53,51.17,28459668
2014-10-17,54.73,56.17,52.14,52.6,26769590
2014-10-20,53.22,53.97,51.61,52.92,19260075
2014-10-21,54.41,55.8652,53.9199,55.66,18931319
2014-10-22,56.07,56.51,54.35,54.43,17170849
2014-10-23,55.39,56.36,54.8,55.85,10908026
2014-10-24,56.3,56.3,54.45,55.78,11426219
2014-10-27,54.2,54.2,51.84,52.39,18785453
2014-10-28,52.74,53.63,52.51,53.26,13871369
2014-10-29,54.52,55.17,53.818,54.42,11003023
2014-10-30,54.06,54.53,53.11,53.92,7251439
2014-10-31,53.52,55.19,53.02,55.14,11120273
2014-11-03,55.5,55.94,53.67,53.88,11962855
2014-11-04,52.84,52.87,50.06,51.18,20019208
2014-11-05,51.75,52.96,51.38,52.37,13049240
2014-11-06,51.8,53.22,51.4,53.17,13579840
2014-11-07,53.35,54.47,53.25,53.86,10990302
2014-11-10,55.01,55.6,53.26,53.63,10217662
2014-11-11,53.94,54.03,52.275,53.72,10713680
2014-11-12,53.22,54.54,52.85,53.23,9599997
2014-11-13,52.83,58.0,50.772,53.79,35987469
2014-11-14,56.03,56.26,53.69,55.08,25498978
2014-11-17,51.47,51.78,49.01,49.23,80357830
2014-11-18,50.24,50.42,48.46,48.54,43671741
2014-11-19,48.73,48.94,47.74,48.43,31694491
2014-11-20,48.7,49.46,48.39,49.21,23272258
2014-11-21,50.3,51.13,49.8,50.63,31224786
2014-11-24,50.51,50.98,49.51,49.88,21015119
2014-11-25,50.29,50.33,48.185,48.26,27170027
2014-11-26,48.06,48.19,47.124,47.34,22852299
2014-11-28,44.33,44.37,41.87,42.2,34472672
2014-12-01,42.02,42.13,40.25,41.21,40194995
2014-12-02,41.29,41.44,40.2,40.34,39448185
2014-12-03,41.19,41.84,40.63,40.75,33376483
2014-12-04,40.47,41.28,40.02,40.74,32565669
2014-12-05,40.81,41.02,40.03,40.37,30049667
2014-12-08,39.84,39.95,38.38,38.59,37381034
2014-12-09,38.04,39.69,37.87,39.5,33276294
2014-12-10,38.47,39.2,37.84,38.12,35185753
2014-12-11,38.06,39.13,38.03,38.23,22655605
2014-12-12,37.81,38.479,37.46,37.93,30154636
2014-12-15,38.45,38.74,37.745,37.82,25879261
2014-12-16,37.42,39.7,37.21,38.11,28370870
2014-12-17,38.17,40.09,37.57,39.44,31846759
2014-12-18,40.81,40.84,38.5,39.23,30803943
2014-12-19,39.63,40.57,39.34,40.49,24413753
2014-12-22,40.32,40.44,39.44,39.68,19035867
2014-12-23,39.74,40.04,39.23,39.88,15064017
2014-12-24,39.76,40.05,39.16,39.7,8371001
2014-12-26,40.1,40.3,39.46,39.73,10769551
2014-12-29,39.97,40.47,39.624,40.0,12499705
2014-12-30,40.09,40.12,39.53,39.53,12183481
2014-12-31,39.23,39.85,38.61,39.33,12110377
2015-01-02,39.17,39.94,38.97,39.49,11563174
2015-01-05,38.93,38.955,38.22,38.71,19738704
2015-01-06,38.39,38.73,38.07,38.33,20456335
2015-01-07,38.74,39.4,38.55,39.36,17556347
2015-01-08,39.76,40.4,39.1,40.21,20043626
2015-01-09,40.44,40.47,39.63,39.8,17266110
2015-01-12,38.8,38.98,38.28,38.54,25755800
2015-01-13,38.65,39.45,38.25,38.29,22228306
2015-01-14,38.02,38.43,37.36,38.34,27990507
2015-01-15,38.84,39.13,37.27,37.33,19531221
2015-01-16,37.73,39.33,37.7,39.13,21782738
2015-01-20,39.6,40.0,38.12,39.83,25096124
2015-01-21,40.23,40.88,39.67,40.69,17611183
2015-01-22,40.9,41.16,40.39,40.82,17995487
2015-01-23,41.06,42.05,40.61,40.99,17692898
2015-01-26,41.1,41.49,40.55,41.46,15739667
2015-01-27,41.19,41.82,40.94,41.5,14271645
2015-01-28,41.36,41.39,39.36,39.47,20655180
2015-01-29,39.87,39.87,38.32,39.57,14800086
2015-01-30,39.24,40.74,39.01,39.99,19495888
2015-02-02,40.92,41.53,40.28,41.51,18129385
2015-02-03,42.54,43.72,42.5,43.32,24134030
2015-02-04,42.62,43.12,42.04,42.39,18881827
2015-02-05,42.97,43.71,42.88,43.35,15218346
2015-02-06,44.1,44.34,43.13,43.36,18303215
2015-02-09,43.67,44.35,43.41,43.51,15968732
2015-02-10,43.44,43.44,42.05,42.6,21869928
2015-02-11,42.02,42.32,41.6129,42.15,15847529
2015-02-12,42.65,43.35,42.5,42.77,12946634
2015-02-13,43.49,44.2,43.31,44.19,17612680
2015-02-17,44.39,44.92,43.56,44.87,15546663
2015-02-18,44.35,44.82,44.01,44.39,12494427
2015-02-19,43.16,44.64,43.08,44.24,12861733
2015-02-20,44.1,44.34,43.28,43.36,17450600
2015-02-23,42.96,43.59,42.62,43.22,12880299
2015-02-24,43.77,43.9099,41.85,43.12,19324295
2015-02-25,43.05,43.71,42.8,43.68,11817053
2015-02-26,43.25,43.31,42.53,42.7,15498924
2015-02-27,42.96,43.225,42.72,42.94,12293274
2015-03-02,42.56,43.05,41.955,42.99,13017260
2015-03-03,43.05,43.32,42.6,43.11,10721894
2015-03-04,43.08,43.2001,42.44,43.07,11926934
2015-03-05,42.55,43.02,42.51,42.94,7833752
2015-03-06,42.65,42.92,42.1,42.38,12938984
2015-03-09,42.11,42.76,41.81,42.04,13436349
2015-03-10,41.3,42.15,41.21,41.31,15280123
2015-03-11,41.05,41.83,40.99,41.31,12911316
2015-03-12,41.67,41.67,40.91,40.99,11146404
2015-03-13,40.49,40.59,39.88,40.18,17913613
2015-03-16,39.61,40.56,39.27,40.52,15397186
2015-03-17,40.3,40.5,39.87,40.28,13337838
2015-03-18,40.06,41.68,39.9,41.59,16118039
2015-03-19,40.97,41.57,40.75,41.55,11622240
2015-03-20,42.25,43.02,42.06,42.82,21641941
2015-03-23,42.82,43.48,42.4,42.4,10688501
2015-03-24,42.56,42.89,42.28,42.53,8374534
2015-03-25,42.87,44.27,42.81,43.46,17250348
2015-03-26,44.03,44.43,43.13,43.18,17432481
2015-03-27,42.92,43.33,42.68,43.26,11093310
2015-03-30,43.47,44.09,43.47,43.82,8715004
2015-03-31,43.47,44.16,43.29,43.88,8360471
2015-04-01,44.29,44.38,43.575,43.82,14229040
2015-04-02,43.7,44.32,43.49,43.96,11130433
2015-04-06,44.2,46.3572,44.14,45.88,23794222
2015-04-07,45.79,46.13,44.18,44.52,22218333
2015-04-08,44.65,45.0,44.015,44.22,14295760
2015-04-09,44.49,46.27,44.43,46.04,17869293
2015-04-10,45.99,46.52,45.72,46.26,10175668
2015-04-13,46.45,46.59,45.3,45.44,11811146
2015-04-14,45.69,46.31,45.64,46.2,12838654
2015-04-15,46.75,48.54,46.25,48.26,24186337
2015-04-16,47.97,48.74,47.47,47.83,15509085
2015-04-17,47.52,47.66,46.38,46.89,20213299
2015-04-20,46.87,48.93,46.72,47.85,26332418
2015-04-21,47.72,47.89,46.61,47.05,17264441
2015-04-22,47.35,47.5464,46.76,47.11,14017254
2015-04-23,47.1,48.64,47.1,48.17,12865475
2015-04-24,47.9,48.565,47.37,48.0,16282091
2015-04-27,48.21,48.87,48.17,48.43,12488159
2015-04-28,48.26,48.92,48.2,48.59,9322355
2015-04-29,48.49,49.575,48.245,49.21,13574986
2015-04-30,49.31,49.7,48.76,48.95,11404100
2015-05-01,48.89,49.3,48.42,49.11,11002092
2015-05-04,49.29,49.65,48.86,49.2,10524451
2015-05-05,49.72,50.2,47.99,48.04,18670987
2015-05-06,48.71,48.9401,47.32,47.67,13224534
2015-05-07,47.17,47.21,46.08,46.35,18428221
2015-05-08,47.0,48.2,46.27,48.11,14706796
2015-05-11,47.98,48.0,46.93,47.19,13486810
2015-05-12,47.28,47.69,46.67,47.49,8944217
2015-05-13,47.62,47.9,47.2,47.29,10709649
2015-05-14,47.52,47.55,46.29,46.44,14052749
2015-05-15,46.31,46.885,45.78,46.7,10842628
2015-05-18,46.6,46.79,46.12,46.72,7495416
2015-05-19,46.08,46.3,45.02,45.07,15193623
2015-05-20,45.28,45.45,44.72,44.97,13448023
2015-05-21,45.33,46.36,45.29,46.16,15714737
2015-05-22,45.64,46.38,45.54,45.91,7738563
2015-05-26,45.27,45.91,45.24,45.45,9214920
2015-05-27,45.35,45.91,44.81,45.62,11044163
2015-05-28,45.5,45.59,44.91,45.35,7455375
2015-05-29,45.47,45.97,45.36,45.4,9436334
2015-06-01,45.35,45.54,45.04,45.24,7539282
2015-06-02,45.36,46.4,45.205,45.92,9798397
2015-06-03,45.85,46.58,45.57,45.62,7431216
2015-06-04,45.16,45.46,44.68,44.71,12418587
2015-06-05,44.56,46.13,44.37,45.73,12119239
2015-06-08,45.65,46.14,45.23,45.42,8923321
2015-06-09,45.8,46.0776,45.26,45.28,8178297
2015-06-10,45.85,46.69,45.78,46.24,11791229
2015-06-11,46.59,46.6,45.57,45.62,6935850
2015-06-12,45.43,45.79,45.24,45.48,5403027
2015-06-15,45.01,45.89,44.66,45.55,9627771
2015-06-16,45.46,45.78,45.31,45.42,8342856
2015-06-17,45.87,46.38,45.42,45.71,8951443
2015-06-18,46.02,46.19,44.34,44.58,17903001
2015-06-19,44.28,44.65,43.56,43.85,17319847
2015-06-22,43.92,44.21,43.45,44.11,10744583
2015-06-23,43.85,44.56,43.83,44.49,10622266
2015-06-24,44.16,44.67,44.11,44.25,9833831
2015-06-25,44.16,44.23,43.5,43.5,8706015
2015-06-26,43.5,43.52,42.76,43.12,28337232
2015-06-29,42.56,43.18,42.46,42.69,11070882
2015-06-30,43.07,43.23,42.75,43.07,10645179
2015-07-01,43.23,43.27,41.2,41.56,16565033
2015-07-02,41.66,42.18,41.33,41.91,10453651
2015-07-06,40.83,41.74,40.62,40.72,13463879
2015-07-07,40.63,42.0599,40.24,41.88,18273593
2015-07-08,41.39,41.975,40.71,40.94,15205117
2015-07-09,41.54,41.82,41.26,41.31,10740351
2015-07-10,41.57,41.77,41.17,41.33,10430751
2015-07-13,41.41,41.93,41.04,41.87,11084936
2015-07-14,41.79,42.98,41.72,42.56,10114457
2015-07-15,42.31,42.32,41.06,41.07,14552082
2015-07-16,41.41,41.52,40.16,40.21,15030796
2015-07-17,39.99,40.42,39.55,39.99,14966760
2015-07-20,40.44,41.6,40.44,40.72,19223342
2015-07-21,40.78,42.59,40.74,41.86,22068167
2015-07-22,41.85,42.89,39.315,41.54,47543043
2015-07-23,42.19,42.97,41.69,42.33,16688677
2015-07-24,42.42,42.61,41.24,41.72,11780174
2015-07-27,40.92,41.33,40.24,40.98,12239393
2015-07-28,41.31,42.0,40.25,41.92,16038508
2015-07-29,41.5,43.39,41.5,43.29,16896124
2015-07-30,43.28,43.71,42.17,42.29,10686147
2015-07-31,42.07,42.4,41.69,41.79,8715440
2015-08-03,41.3,41.34,39.91,40.12,19219545
2015-08-04,40.35,40.8,39.37,39.6,14912992
2015-08-05,40.04,40.98,39.86,40.61,14681705
2015-08-06,40.57,41.0,39.8,40.85,11875567
2015-08-07,40.58,41.0799,39.58,39.76,7807980
2015-08-10,39.86,41.7,39.82,41.62,10614095
2015-08-11,40.57,42.0,40.44,41.95,12541525
2015-08-12,41.83,43.02,40.81,42.71,17621529
2015-08-13,42.34,42.44,41.59,41.76,11117576
2015-08-14,41.71,42.64,41.69,41.99,9011720
2015-08-17,41.63,41.87,40.89,41.29,9184940
2015-08-18,41.13,41.73,40.81,41.01,9655828
2015-08-19,40.37,40.85,39.03,39.3,15521669
2015-08-20,39.13,39.69,37.66,37.7,17242919
2015-08-21,37.23,37.77,35.34,35.69,28078591
2015-08-24,33.0,35.7,30.9301,33.56,24757842
2015-08-25,35.29,35.29,33.47,33.47,14726628
2015-08-26,34.18,35.24,33.63,34.43,19270018
2015-08-27,35.68,38.155,35.47,38.04,21762370
2015-08-28,37.57,39.15,37.56,38.59,14974788
2015-08-31,37.78,39.8,37.36,39.35,14148136
2015-09-01,38.1,38.73,37.55,37.95,15096886
2015-09-02,38.47,38.86,37.28,38.17,11072086
2015-09-03,38.46,39.13,37.56,38.08,15369018
2015-09-04,37.39,37.79,36.76,36.85,10000519
2015-09-08,37.3,38.04,36.89,37.95,14942724
2015-09-09,38.33,39.015,37.05,37.15,11131176
2015-09-10,37.14,37.89,36.24,37.58,12533530
2015-09-11,36.96,37.56,36.53,37.2,12276664
2015-09-14,37.12,37.36,36.61,36.88,8652972
2015-09-15,37.12,37.3,36.61,37.01,11837731
2015-09-16,37.42,39.1,37.15,38.65,12643260
2015-09-17,38.58,39.52,38.13,38.7,12144652
2015-09-18,37.91,38.04,37.15,37.38,14347637
2015-09-21,37.75,38.01,37.19,37.45,11498480
2015-09-22,36.72,38.02,36.59,37.46,11490927
2015-09-23,37.69,37.8,37.1,37.3,7906976
2015-09-24,36.93,37.44,36.4,37.0,12938203
2015-09-25,37.32,37.38,36.36,36.7,10576535
2015-09-28,36.2,36.23,34.72,34.93,13185705
2015-09-29,35.05,35.69,34.36,34.68,12185136
2015-09-30,35.01,35.96,34.61,35.35,13868882
2015-10-01,35.87,36.19,34.45,34.91,14620257
2015-10-02,34.66,36.84,34.41,36.8,13385457
2015-10-05,37.2,38.11,36.95,37.71,13060638
2015-10-06,38.01,39.56,37.64,39.04,13680076
2015-10-07,39.72,41.28,39.24,39.86,16814338
2015-10-08,39.48,40.54,38.72,40.41,11381995
2015-10-09,40.58,40.79,39.32,39.65,11644705
2015-10-12,39.72,39.81,38.448,38.87,7424809
2015-10-13,38.61,39.457,38.26,38.47,6576591
2015-10-14,38.56,38.915,38.08,38.72,6361772
2015-10-15,38.62,39.28,38.0,39.26,8811362
2015-10-16,39.03,39.1,37.12,37.81,18878082
2015-10-19,37.31,37.78,36.83,37.36,12286794
2015-10-20,37.4,37.925,37.19,37.68,11762350
2015-10-21,37.93,39.2,37.4,38.4,13598580
2015-10-22,38.92,39.98,38.83,39.71,17261369
2015-10-23,39.31,40.0,38.9,39.21,16021146
2015-10-26,39.06,39.21,38.44,38.55,9832926
2015-10-27,37.77,38.6025,37.46,37.48,11611664
2015-10-28,37.79,38.91,37.27,38.27,13206124
2015-10-29,38.12,38.69,37.68,38.19,8423410
2015-10-30,38.33,38.735,37.7,38.38,9626210
2015-11-02,38.21,39.44,38.18,39.29,9822722
2015-11-03,39.47,40.31,39.3,40.05,14462928
2015-11-04,40.0,40.14,38.68,39.21,14661566
2015-11-05,38.82,39.52,38.17,38.41,15071033
2015-11-06,37.9,39.39,37.77,39.35,12260983
2015-11-09,39.04,39.46,38.595,39.1,8446103
2015-11-10,39.02,39.49,38.65,38.91,8684335
2015-11-11,38.84,38.84,37.44,38.1,10686280
2015-11-12,37.45,38.33,37.1801,37.49,8940566
2015-11-13,37.3,38.05,36.77,37.39,9423073
2015-11-16,37.43,38.585,37.17,38.49,9486521
2015-11-17,38.43,38.57,38.015,38.11,11371655
2015-11-18,38.4,39.25,38.3,38.88,13758218
2015-11-19,38.55,39.07,37.855,38.04,8808607
2015-11-20,38.15,38.315,37.545,38.0,9753787
2015-11-23,37.71,38.45,37.58,38.35,6498607
2015-11-24,38.63,40.24,38.55,39.74,11009859
2015-11-25,39.33,40.0,39.01,39.31,5823397
2015-11-27,38.93,39.35,38.76,39.13,3766760
2015-11-30,39.24,40.15,39.08,39.85,11273739
2015-12-01,39.5,40.415,39.4,40.4,9061953
2015-12-02,39.88,40.52,38.895,38.95,13468884
2015-12-03,39.24,39.38,37.61,38.01,14444065
2015-12-04,37.51,38.04,36.91,37.9,13030444
2015-12-07,36.989,37.0999,35.885,36.57,18434865
2015-12-08,35.71,37.37,35.58,36.27,16871139
2015-12-09,36.6,38.31,36.48,38.3,21178992
2015-12-10,38.01,38.775,37.68,38.15,15317826
2015-12-11,37.74,37.89,36.89,36.96,13090053
2015-12-14,36.83,37.45,36.035,36.55,20102653
2015-12-15,37.08,39.67,35.5,37.1,24600868
2015-12-16,36.84,37.0569,35.65,35.86,21317991
2015-12-17,35.85,35.97,34.09,34.18,18732153
2015-12-18,34.0,34.11,33.29,33.44,17603626
2015-12-21,33.61,34.08,33.14,33.4,11274511
2015-12-22,33.44,34.3501,33.34,34.02,10959968
2015-12-23,34.81,35.46,34.72,35.45,11337210
2015-12-24,35.43,35.54,34.93,35.15,3725129
2015-12-28,34.53,34.76,34.065,34.3,6844022
2015-12-29,34.93,35.17,34.2,34.5,5406122
2015-12-30,33.94,34.63,32.13,34.13,5682512
2015-12-31,33.95,34.47,33.885,34.04,6194508
2016-01-04,33.86,34.6,33.56,34.48,10032933
2016-01-05,34.61,34.73,33.75,34.4,8100920
2016-01-06,33.49,34.19,33.06,33.42,12337024
2016-01-07,32.79,33.745,32.66,32.91,11050852
2016-01-08,33.03,33.19,32.2799,32.46,11570055
2016-01-11,32.42,32.5,30.83,31.55,13847627
2016-01-12,31.95,32.105,30.61,31.47,10981375
2016-01-13,31.92,32.09,30.39,30.46,16443776
2016-01-14,30.67,32.05,29.635,31.84,13952624
2016-01-15,30.51,31.29,30.35,30.85,13231759
2016-01-19,30.89,30.99,29.37,29.79,15218653
2016-01-20,29.04,29.12,27.64,28.48,21777848
2016-01-21,28.23,29.63,28.13,29.29,15261922
2016-01-22,30.47,30.65,29.18,30.19,18397260
2016-01-25,30.13,30.66,29.23,29.28,18800650
2016-01-26,29.54,29.6025,28.52,28.94,17959868
2016-01-27,28.94,29.82,28.63,29.06,17157362
2016-01-28,30.32,30.59,29.42,30.45,17805303
2016-01-29,30.57,31.805,30.5,31.79,15029003
2016-02-01,31.29,31.825,31.01,31.62,10193614
2016-02-02,30.73,31.02,30.335,30.52,8965949
2016-02-03,30.75,32.06,29.79,31.96,12680174
2016-02-04,32.39,33.485,32.18,32.43,13726532
2016-02-05,31.99,32.29,30.94,31.35,11397812
2016-02-08,30.74,31.08,30.27,30.83,14704368
2016-02-09,30.35,30.89,28.92,29.59,13217538
2016-02-10,29.48,30.16,29.25,29.59,7693687
2016-02-11,28.7,29.34,27.96,28.8,13121025
2016-02-12,29.19,29.65,28.72,29.11,11992239
2016-02-16,29.65,30.01,29.265,29.94,9101556
2016-02-17,30.24,31.46,30.07,31.4,10719440
2016-02-18,31.74,31.85,30.94,31.46,11405394
2016-02-19,31.28,31.455,30.84,31.37,9163882
2016-02-22,32.03,32.96,32.02,32.88,13221252
2016-02-23,32.44,32.59,32.02,32.09,11914439
2016-02-24,31.35,32.48,31.35,32.46,10773364
2016-02-25,32.43,32.66,31.57,32.5,9301360
2016-02-26,33.14,33.305,32.44,32.81,9637413
2016-02-29,32.39,32.79,32.06,32.28,11111285
2016-03-01,32.57,33.06,32.35,33.02,9628881
2016-03-02,32.78,33.69,32.24,33.66,13588291
2016-03-03,33.51,34.34,33.37,34.17,13453063
2016-03-04,34.43,35.71,34.02,34.88,17727402
2016-03-07,34.69,36.085,34.63,35.84,17414639
2016-03-08,35.32,35.51,34.34,34.48,12300660
2016-03-09,35.07,35.2,34.17,34.69,9015312
2016-03-10,34.6,34.83,33.93,34.51,9873631
2016-03-11,35.11,36.31,34.98,36.12,12668687
2016-03-14,35.54,35.86,35.26,35.5,10556497
2016-03-15,35.03,35.17,34.49,34.99,9634852
2016-03-16,35.38,35.56,34.48,35.47,13004839
2016-03-17,35.78,36.74,35.54,36.38,10205416
2016-03-18,36.68,36.74,35.8144,36.3,12220835
2016-03-21,35.97,36.53,35.72,36.38,7007447
2016-03-22,36.01,36.44,35.81,35.97,7025082
2016-03-23,35.38,35.78,34.82,35.03,7941396
2016-03-24,34.31,35.31,34.28,35.22,6331067
2016-03-28,35.32,35.4,34.705,35.09,5013223
2016-03-29,34.49,35.19,33.95,35.02,8153347
2016-03-30,35.55,36.45,35.5,36.02,11330556
2016-03-31,35.84,36.38,35.54,35.72,7426169
2016-04-01,35.07,35.255,34.68,35.09,9201383
2016-04-04,34.85,35.3,33.83,34.0,14100004
2016-04-05,33.65,34.72,33.26,34.4,17338862
2016-04-06,34.71,36.89,34.445,36.44,21612395
2016-04-07,35.97,36.75,35.93,36.25,9283192
2016-04-08,37.22,38.19,37.11,37.33,11884986
2016-04-11,37.5,38.08,37.2,37.22,8297367
2016-04-12,37.32,37.99,36.73,37.66,12394081
2016-04-13,37.87,38.49,37.6,38.31,11374775
2016-04-14,38.39,38.87,38.03,38.38,9829677
2016-04-15,38.13,38.44,37.62,38.27,7244855
2016-04-18,37.25,39.305,37.25,38.99,8725277
2016-04-19,39.09,40.275,38.85,40.04,11216829
2016-04-20,39.59,40.91,39.53,40.34,9703477
2016-04-21,40.28,41.57,40.22,40.33,16368665
2016-04-22,40.14,41.3692,39.98,40.84,11220681
2016-04-25,40.55,41.34,39.325,40.04,13423809
2016-04-26,40.21,40.36,39.5,40.22,9782087
2016-04-27,40.23,41.58,40.23,41.04,11826401
2016-04-28,41.13,41.65,40.41,41.04,9288939
2016-04-29,41.1,41.93,40.41,41.31,10388847
2016-05-02,41.53,42.82,41.42,42.05,23540453
2016-05-03,40.66,41.76,39.775,40.44,19669182
2016-05-04,40.13,40.69,39.24,39.86,12638263
2016-05-05,40.44,40.77,39.58,39.94,12816317
2016-05-06,39.47,40.17,39.16,39.44,13827118
2016-05-09,39.31,39.31,38.24,38.69,8974059
2016-05-10,39.01,39.255,38.6,38.84,8276696
2016-05-11,38.83,40.125,38.8048,39.54,10956996
2016-05-12,40.0,40.33,39.72,40.05,10437383
2016-05-13,39.75,40.19,38.971,39.06,8290445
2016-05-16,39.53,40.465,39.45,40.18,10721545
2016-05-17,40.5,41.63,40.3,41.17,10785499
2016-05-18,41.03,41.15,39.87,40.28,8378686
2016-05-19,40.0,40.43,39.32,40.14,7570701
2016-05-20,40.55,41.33,40.34,40.91,8365923
2016-05-23,40.43,41.67,40.41,41.46,11689267
2016-05-24,41.54,41.73,41.06,41.42,8235598
2016-05-25,41.7,42.75,41.66,42.45,7654071
2016-05-26,42.8,43.2,42.495,42.65,8919125
2016-05-27,42.3,42.64,42.07,42.58,6421391
2016-05-31,42.39,43.08,41.88,42.18,9865002
2016-06-01,41.8,42.53,41.46,42.15,8131020
2016-06-02,41.92,42.13,41.5,42.13,6651714
2016-06-03,42.15,42.97,41.78,42.85,9015746
2016-06-06,43.13,44.995,43.105,44.89,13760893
2016-06-07,44.95,46.49,44.84,46.08,15583226
2016-06-08,46.34,46.69,45.63,46.29,11733303
2016-06-09,45.69,46.08,45.39,45.5,8514637
2016-06-10,45.04,45.27,44.16,44.38,10423753
2016-06-13,43.94,44.95,43.73,44.28,8504669
2016-06-14,44.0,44.5,43.39,43.99,9087284
2016-06-15,43.88,44.61,43.465,43.98,7981709
2016-06-16,43.36,43.53,42.47,43.19,10109210
2016-06-17,43.75,44.31,43.39,44.11,9387465
2016-06-20,44.93,44.95,43.78,43.79,7630517
2016-06-21,43.92,44.87,43.71,44.62,9233865
2016-06-22,44.94,45.18,44.48,44.66,11277998
2016-06-23,45.28,45.86,44.94,45.84,8136701
2016-06-24,43.81,44.65,43.56,43.92,12651422
2016-06-27,43.29,43.5,41.7,41.88,12329779
2016-06-28,42.63,43.46,42.43,43.27,9393514
2016-06-29,43.79,45.02,43.56,44.59,9788850
2016-06-30,44.48,45.375,44.34,45.29,9742051
2016-07-01,45.2,45.84,45.16,45.56,7718626
2016-07-05,44.74,44.8499,42.92,43.53,12375680
2016-07-06,43.36,43.71,42.95,43.65,8205997
2016-07-07,44.02,44.925,43.21,43.55,8516273
2016-07-08,44.28,45.32,44.14,45.03,10482053
2016-07-11,45.41,45.89,44.46,44.48,9053848
2016-07-12,45.19,46.48,45.1,46.03,11462712
2016-07-13,45.81,46.07,44.71,45.21,9077477
2016-07-14,45.9,46.09,45.66,45.81,6803673
2016-07-15,45.97,46.09,45.275,45.46,5704884
2016-07-18,45.17,45.61,44.9,45.61,6105889
2016-07-19,45.31,45.52,44.77,44.99,9756148
2016-07-20,44.92,44.926,43.91,44.28,16067171
2016-07-21,44.28,44.75,43.25,43.54,9371047
2016-07-22,43.83,43.91,42.82,43.83,8900243
2016-07-25,43.44,43.484,42.39,42.54,8241708
2016-07-26,42.35,43.31,42.35,43.24,7246492
2016-07-27,43.2,43.705,42.6,42.92,6385841
2016-07-28,42.81,43.4,42.51,42.77,7411770
2016-07-29,42.27,43.8,42.17,43.66,7437322
2016-08-01,43.42,43.44,41.95,42.28,8450973
2016-08-02,42.5,42.73,41.4839,42.06,7866562
2016-08-03,42.01,42.94,41.69,42.94,7347011
2016-08-04,42.71,43.3,42.55,42.99,5156319
2016-08-05,43.11,43.88,42.89,43.71,6442744
2016-08-08,43.98,45.05,43.94,44.26,6606026
2016-08-09,44.49,44.53,43.85,44.05,4516436
2016-08-10,44.2,44.39,43.65,43.76,5182270
2016-08-11,43.94,44.42,43.87,44.08,5273325
2016-08-12,44.14,44.395,43.67,43.84,4345078
2016-08-15,44.05,44.73,44.02,44.45,4436077
2016-08-16,44.56,44.78,44.2,44.62,8288223
2016-08-17,44.59,45.22,44.44,45.1,6190284
2016-08-18,45.44,46.55,45.38,46.46,12196697
2016-08-19,46.22,46.9,46.04,46.85,8841171
2016-08-22,46.18,46.24,44.87,45.08,11337269
2016-08-23,45.02,45.5,44.93,44.99,7647901
2016-08-24,44.58,45.16,44.14,44.35,6439870
2016-08-25,44.51,44.7899,44.15,44.57,4098904
2016-08-26,44.65,45.27,44.36,44.56,5249683
2016-08-29,44.37,45.02,44.35,44.74,4474209
2016-08-30,44.74,45.19,43.88,44.07,8194785
2016-08-31,43.9,44.28,42.65,43.01,9659955
2016-09-01,43.01,43.29,42.57,43.22,5274421
2016-09-02,43.46,44.09,43.29,43.32,5994008
2016-09-06,43.53,43.9,43.13,43.73,6003151
2016-09-07,43.7,43.98,43.195,43.57,5173519
2016-09-08,43.92,44.35,43.48,44.12,6212635
2016-09-09,43.72,43.76,41.95,41.95,9519967
2016-09-12,41.6,42.735,41.52,42.4,6986444
2016-09-13,41.81,41.96,40.6,41.11,11877326
2016-09-14,40.85,41.73,40.63,41.26,8061051
2016-09-15,41.39,42.12,41.21,41.77,6862951
2016-09-16,40.77,41.349,40.745,41.04,9673245
2016-09-19,41.46,41.855,41.27,41.28,6836504
2016-09-20,41.31,41.63,41.01,41.26,7771268
2016-09-21,41.67,42.84,41.605,42.72,7610232
2016-09-22,43.25,43.63,42.6,42.65,5924896
2016-09-23,42.29,43.04,41.67,41.84,7191650
2016-09-26,41.98,42.31,41.18,41.38,9322495
2016-09-27,40.92,41.085,40.12,40.95,11842888
2016-09-28,41.11,42.96,40.45,42.79,12551927
2016-09-29,42.89,44.725,42.89,44.18,15139033
2016-09-30,44.54,45.08,44.07,44.88,9195272
2016-10-03,45.11,45.19,44.54,44.9,6221416
2016-10-04,44.91,45.0,44.23,44.59,5035852
2016-10-05,45.2,46.07,44.94,45.72,7529489
2016-10-06,46.04,46.4,45.55,46.37,7624049
2016-10-07,46.38,46.85,45.981,46.26,7014466
2016-10-10,46.79,47.64,46.76,47.26,8799420
2016-10-11,46.91,47.17,46.29,46.64,9504979
2016-10-12,46.64,47.18,46.25,46.96,7565457
2016-10-13,46.38,47.96,46.12,47.02,7327918
2016-10-14,47.46,47.83,46.84,46.97,7353354
2016-10-17,46.95,47.35,45.981,46.32,8169273
2016-10-18,46.97,47.28,46.3,47.07,9834054
2016-10-19,47.7,50.23,47.7,49.07,19236464
2016-10-20,48.89,49.51,48.43,48.75,8613046
2016-10-21,48.36,48.78,48.09,48.43,6658976
2016-10-24,48.54,48.69,47.76,48.24,7399113
2016-10-25,48.22,48.84,47.565,47.77,7760241
2016-10-26,47.21,48.5,46.85,47.62,8619686
2016-10-27,47.9,48.25,47.5,47.55,6001169
2016-10-28,47.6,47.8,46.06,46.58,10410954
2016-10-31,46.42,46.68,45.905,46.0,7931220
2016-11-01,46.37,46.6754,45.36,46.23,6869875
2016-11-02,45.51,46.215,45.08,45.93,8158125
2016-11-03,45.94,46.61,45.84,46.58,7378022
2016-11-04,46.46,46.84,45.75,46.38,7031649
2016-11-07,46.81,47.46,46.81,47.44,5504441
2016-11-08,47.08,47.695,46.91,47.12,5320314
2016-11-09,47.46,48.245,47.12,47.82,12189753
2016-11-10,47.69,48.99,47.57,48.81,11520095
2016-11-11,48.35,48.61,47.21,48.01,7635120
2016-11-14,47.61,48.54,47.34,48.14,8395484
2016-11-15,48.52,49.895,48.5,49.76,11770261
2016-11-16,49.33,49.69,48.58,48.76,7835213
2016-11-17,49.38,49.78,48.22,48.6,7953820
2016-11-18,48.86,49.49,48.76,49.31,6662999
2016-11-21,50.04,50.45,49.71,50.1,8011232
2016-11-22,50.43,50.49,49.07,49.84,7699549
2016-11-23,49.42,50.01,49.35,49.47,3987383
2016-11-25,49.27,49.52,48.905,49.51,2736261
2016-11-28,49.64,49.73,48.68,48.8,6968496
2016-11-29,47.79,48.49,47.0558,47.79,12331967
2016-11-30,51.68,54.92,50.82,53.09,32232006
2016-12-01,54.08,54.8,53.19,53.24,11775343
2016-12-02,53.25,54.52,53.11,54.17,7174924
2016-12-05,54.38,54.74,53.72,53.9,9235259
2016-12-06,53.25,54.27,52.91,54.02,9056078
2016-12-07,54.02,54.5,52.89,53.54,8987054
2016-12-08,53.76,54.49,53.33,54.43,9037456
2016-12-09,54.5,54.51,53.77,54.2,6003054
2016-12-12,55.05,56.08,54.355,54.49,10575087
2016-12-13,54.59,55.56,54.265,54.9,8600737
2016-12-14,54.23,54.56,53.41,53.51,9068027
2016-12-15,53.51,54.015,53.13,53.79,8359337
2016-12-16,54.23,54.28,53.745,53.99,12707817
2016-12-19,53.61,54.0347,53.43,53.72,5563813
2016-12-20,54.15,54.25,53.115,53.33,8164332
2016-12-21,53.76,55.28,53.35,54.96,10087753
2016-12-22,54.63,55.42,54.63,55.07,5370484
2016-12-23,55.04,55.26,54.63,54.84,3168012
2016-12-27,55.02,55.54,54.7,54.91,3609768
2016-12-28,55.11,55.22,54.18,54.3,4956825
2016-12-29,54.14,54.46,53.84,54.04,4237456
2016-12-30,54.03,54.36,53.61,54.09,4655716
2017-01-03,54.96,56.33,54.95,55.68,10531666
2017-01-04,55.61,56.15,55.491,55.89,6265902
2017-01-05,56.19,56.88,56.04,56.21,7083257
2017-01-06,56.23,56.98,55.91,56.66,7899545
2017-01-09,56.1,56.33,55.8099,56.07,9080525
2017-01-10,56.05,56.055,54.62,54.64,9774121
2017-01-11,55.09,55.61,54.69,55.39,9995110
2017-01-12,55.8,55.85,55.07,55.18,5954033
2017-01-13,54.7,55.19,54.49,54.54,5995616
2017-01-17,54.67,55.06,54.19,55.01,7712635
2017-01-18,54.5,55.3,54.43,55.13,6156343
2017-01-19,55.07,55.4,54.78,55.34,9144435
2017-01-20,56.12,56.84,55.99,56.45,14793644
2017-01-23,55.0,55.2,53.92,54.8,17718731
2017-01-24,55.24,56.79,55.09,56.62,11276703
2017-01-25,56.9,57.7,56.76,57.41,9837065
2017-01-26,57.46,58.78,57.46,58.06,8989812
2017-01-27,57.94,58.47,57.75,58.21,6892974
2017-01-30,58.02,58.1,55.37,56.48,10361050
2017-01-31,56.73,56.78,55.81,56.57,5849521
2017-02-01,57.18,57.23,55.41,56.23,7082982
2017-02-02,56.46,56.59,55.7,56.29,6183447
2017-02-03,56.25,57.06,56.13,56.58,5344472
2017-02-06,56.64,56.76,56.01,56.1,4745193
2017-02-07,55.74,56.0,54.6,54.88,8395920
2017-02-08,54.6,55.45,53.5,55.44,9849476
2017-02-09,55.87,56.76,55.65,56.68,9320932
2017-02-10,57.02,57.38,55.99,56.13,7937524
2017-02-13,56.14,56.76,55.96,56.32,7161827
2017-02-14,56.05,56.58,56.01,56.54,8102296
2017-02-15,56.18,56.56,55.6576,55.77,5978525
2017-02-16,55.82,56.0,54.26,54.31,10925646
2017-02-17,54.02,54.405,53.525,53.71,9055806
2017-02-21,54.44,54.93,53.8,53.84,7496888
2017-02-22,53.49,53.93,52.99,53.06,7736109
2017-02-23,53.75,54.28,53.1,53.19,7971039
2017-02-24,52.75,53.0,52.35,52.87,6489597
2017-02-27,52.86,53.71,52.59,53.2,6902535
2017-02-28,53.0,53.65,52.5,53.46,6503678
2017-03-01,53.97,55.21,53.94,54.7,7176434
2017-03-02,54.37,54.5,53.68,53.87,5772117
2017-03-03,54.0,54.4,53.7,53.87,4105033
2017-03-06,53.79,53.995,53.34,53.8,5656123
2017-03-07,53.72,53.78,52.8301,52.97,7246368
2017-03-08,52.63,53.23,51.195,51.29,14736919
2017-03-09,50.59,50.99,49.75,50.89,14967420
2017-03-10,51.39,51.5,50.61,50.91,7711119
2017-03-13,51.02,51.33,50.67,50.88,6272392
2017-03-14,50.05,50.15,48.5401,49.8,13128057
2017-03-15,50.32,51.92,49.99,51.54,9992994
2017-03-16,51.65,51.83,50.81,50.92,7336031
2017-03-17,51.15,51.47,50.59,50.78,8131399
2017-03-20,50.36,50.825,49.84,50.64,7763223
2017-03-21,51.11,51.26,49.815,50.15,7672975
2017-03-22,49.87,50.31,49.36,49.83,7544858
2017-03-23,49.74,50.16,49.43,49.71,5620703
2017-03-24,49.2,50.62,49.19,49.41,9607359
2017-03-27,48.6,48.77,47.52,47.78,14193715
2017-03-28,47.92,48.265,47.55,48.02,10606764
2017-03-29,48.0,49.515,47.96,49.22,10831220
2017-03-30,49.76,49.82,48.65,49.02,11840212
2017-03-31,49.02,49.52,48.91,49.21,6392574
2017-04-03,49.46,49.66,48.81,49.28,6870682
2017-04-04,49.3,49.69,48.7607,49.55,6288801
2017-04-05,50.25,51.2599,49.82,49.85,12281873
2017-04-06,50.2,50.45,49.8613,50.15,5773233
2017-04-07,50.33,50.5,49.5,49.68,6211456
2017-04-10,49.94,50.23,49.75,49.97,5588115
2017-04-11,49.97,50.02,49.085,50.01,6766851
2017-04-12,50.0,50.23,49.15,49.33,7357972
2017-04-13,49.19,49.42,48.18,48.38,6762440
2017-04-17,48.38,48.85,48.24,48.84,5248969
2017-04-18,48.47,48.95,48.29,48.53,4703299
2017-04-19,48.73,48.84,47.15,47.43,9432827
2017-04-20,47.82,48.26,47.58,47.69,6425037
2017-04-21,47.15,47.66,46.78,47.06,13268858
2017-04-24,47.22,47.98,46.63,46.75,11843609
2017-04-25,46.88,47.22,46.71,47.02,8032493
2017-04-26,46.65,47.55,46.6,46.99,7921853
2017-04-27,46.6,46.82,45.1,46.4,12907572
2017-04-28,47.34,47.38,45.83,45.88,7352408
2017-05-01,45.94,46.118,45.555,45.77,4640669
2017-05-02,45.82,46.07,45.085,45.3,7739714
2017-05-03,45.12,45.55,44.91,45.25,7261334
2017-05-04,44.7,44.79,43.7,44.6,13768684
2017-05-05,44.6,45.71,44.535,45.58,11907085
2017-05-08,45.66,45.925,45.28,45.36,8283086
2017-05-09,45.37,45.5047,44.8,45.03,8453867
2017-05-10,45.49,46.33,45.43,45.81,10051454
2017-05-11,46.37,46.37,45.56,45.61,7942140
2017-05-12,45.72,45.72,44.97,45.14,8969334
2017-05-15,46.2,47.11,45.97,46.51,12600730
2017-05-16,46.89,46.92,46.21,46.78,8862660
2017-05-17,46.53,47.11,46.215,46.34,8064530
2017-05-18,46.05,46.87,45.67,46.58,9072318
2017-05-19,47.29,48.035,47.04,47.78,13304604
2017-05-22,47.97,48.18,46.8627,47.12,9495468
2017-05-23,47.06,47.86,46.68,47.6,11837502
2017-05-24,47.58,48.12,47.32,47.71,10366026
2017-05-25,47.59,48.3223,45.0,45.41,18438742
2017-05-26,45.43,46.04,45.25,45.76,9938793
2017-05-30,45.36,45.43,44.95,45.15,8476193
2017-05-31,44.66,45.59,44.27,45.19,9938243
2017-06-01,45.3,45.88,44.82,45.49,9067163
2017-06-02,45.09,45.5,44.62,45.3,9598250
2017-06-05,44.77,45.54,44.77,45.32,5920049
2017-06-06,45.29,46.22,44.975,46.0,9345497
2017-06-07,45.71,46.01,44.01,44.4,16379281
2017-06-08,44.0,44.6,43.905,44.13,10363849
2017-06-09,44.23,45.26,44.18,44.85,11389377
2017-06-12,45.39,45.63,44.675,44.92,9591583
2017-06-13,44.98,46.1776,44.8,45.84,12214166
2017-06-14,45.69,45.69,44.19,44.83,13733054
2017-06-15,44.4,44.71,43.86,44.08,8839788
2017-06-16,44.38,44.38,43.73,44.27,10776828
2017-06-19,44.3,44.42,43.62,43.97,8613823
2017-06-20,43.29,43.565,42.44,43.4,11237583
2017-06-21,43.15,43.21,41.95,42.23,18500659
2017-06-22,42.25,42.56,41.9,41.9,11881201
2017-06-23,41.9,42.02,41.3636,41.5,19487568
2017-06-26,41.84,42.0,41.48,41.7,5517149
2017-06-27,41.83,42.3,41.47,41.53,7244070
2017-06-28,41.6,42.41,41.54,42.01,8331781
2017-06-29,42.2,42.97,42.13,42.42,7879788
2017-06-30,42.8,43.06,42.3,42.71,7160773
2017-07-03,42.94,44.01,42.73,43.72,5754768
2017-07-05,44.07,44.07,42.53,42.86,9475855
2017-07-06,43.1,43.42,41.86,42.02,9338625
2017-07-07,41.85,41.94,41.03,41.78,10193165
2017-07-10,41.51,42.51,41.43,42.32,6132124
2017-07-11,42.35,43.17,42.19,42.71,5400893
2017-07-12,43.51,43.68,42.6,42.78,5692252
2017-07-13,42.7,43.85,42.67,43.77,8674818
2017-07-14,43.9,44.415,43.81,44.22,7946901
2017-07-17,44.15,44.52,44.0,44.11,6880522
2017-07-18,44.41,44.41,43.655,44.0,8182316
2017-07-19,43.97,45.82,43.92,45.58,12052226
2017-07-20,45.89,46.06,45.06,45.38,10591737
2017-07-21,45.36,45.61,44.12,44.38,11819179
2017-07-24,45.05,45.2999,42.02,42.51,22394865
2017-07-25,42.89,43.705,42.68,42.69,13843568
2017-07-26,43.04,43.77,42.32,43.32,11246818
2017-07-27,43.5,44.39,42.54,43.09,10452311
2017-07-28,42.77,44.0,42.7099,42.93,8895558
2017-07-31,42.82,42.9,42.16,42.44,8185424
2017-08-01,42.5,42.565,41.68,42.45,14301533
2017-08-02,42.13,42.95,41.81,42.85,9983325
2017-08-03,42.77,42.85,41.76,42.03,7944770
2017-08-04,42.0,42.11,41.55,41.99,6534104
2017-08-07,41.77,41.86,41.0837,41.45,7546654
2017-08-08,41.2,41.83,40.71,41.03,9244666
2017-08-09,41.18,41.38,40.75,41.29,6396729
2017-08-10,41.32,41.33,40.36,40.51,6988607
2017-08-11,40.3,40.74,40.0,40.02,5519611
2017-08-14,40.05,40.2,39.75,39.91,7282298
2017-08-15,39.83,39.9,39.25,39.55,7691316
2017-08-16,39.69,39.96,39.13,39.32,6662680
2017-08-17,39.2,39.36,38.55,38.69,8145354
2017-08-18,38.66,39.45,38.181,38.99,8868248
2017-08-21,38.93,38.99,38.55,38.74,5084521
2017-08-22,38.86,39.03,38.65,38.66,6032763
2017-08-23,38.56,39.28,38.52,39.03,4623469
2017-08-24,38.97,39.0,38.565,38.79,7345872
2017-08-25,38.93,39.3709,38.84,39.01,6167208
2017-08-28,39.07,39.18,38.28,38.79,7348340
2017-08-29,38.66,38.79,38.34,38.72,5120540
2017-08-30,38.61,39.041,38.38,38.67,4481885
2017-08-31,38.9,39.15,38.6,38.97,7303673
2017-09-01,38.99,39.3,38.81,38.9,5199470
2017-09-05,39.28,40.16,39.25,39.83,16731549
2017-09-06,40.22,41.19,40.18,41.01,14240562
2017-09-07,41.0,41.42,40.68,41.31,8303663
2017-09-08,41.24,41.26,39.86,40.29,9178227
2017-09-11,40.43,40.77,40.19,40.63,10529778
2017-09-12,40.67,41.51,40.46,41.26,6736876
2017-09-13,41.36,42.245,41.26,41.8,10385095
2017-09-14,45.64,46.67,45.56,45.87,8005280
2017-09-15,42.09,42.34,41.86,42.31,8173031
2017-09-18,42.4,42.91,42.105,42.62,6479032
2017-09-19,42.82,42.925,42.3699,42.81,7023888
2017-09-20,42.9,43.78,42.86,43.61,12057125
2017-09-21,43.5,43.7,43.11,43.48,9634317
2017-09-22,43.48,44.32,43.47,44.25,9209116
2017-09-25,44.51,45.11,44.4,44.69,11540118
2017-09-26,44.5,44.87,44.24,44.64,6066963
2017-09-27,44.74,45.72,44.54,45.58,11317004
2017-09-28,45.7,46.08,45.55,45.83,12198121
2017-09-29,45.61,46.18,45.49,46.03,6683345
2017-10-02,45.23,45.73,45.02,45.53,7408862
2017-10-03,45.42,45.51,44.785,44.93,8635491
2017-10-04,45.05,45.42,44.84,45.18,7061099
2017-10-05,45.36,45.39,44.94,45.09,5485834
2017-10-06,44.86,45.05,44.23,44.75,11162207
2017-10-09,44.76,45.19,44.73,44.93,3709065
2017-10-10,45.34,45.87,44.98,45.03,6521962
2017-10-11,44.93,45.52,44.71,45.51,5749518
2017-10-12,45.02,45.2,44.69,44.76,5783495
2017-10-13,45.21,45.36,44.67,44.72,4730045
2017-10-16,44.98,45.17,44.58,44.61,4114196
2017-10-17,44.6,44.66,44.145,44.46,7556586
2017-10-18,44.48,44.8,43.59,43.77,7481729
2017-10-19,43.55,43.82,43.08,43.42,9024572
2017-10-20,43.56,43.7,43.01,43.33,10522555
2017-10-23,42.51,43.61,42.15,42.24,12842922
2017-10-24,42.43,42.65,41.28,41.37,14280545
2017-10-25,41.4,41.74,41.0,41.48,7799852
2017-10-26,41.53,41.91,40.96,41.24,8211259
2017-10-27,41.04,42.58,40.99,42.43,12555732
2017-10-30,42.49,43.07,42.15,42.93,7615647
2017-10-31,42.8,42.97,42.42,42.74,6243398
2017-11-01,43.15,43.93,43.03,43.05,7257574
2017-11-02,43.16,43.52,42.29,42.69,6218183
2017-11-03,42.55,43.48,42.53,43.23,9575044
2017-11-06,43.39,45.305,43.32,45.08,10277403
2017-11-07,45.34,45.9299,45.05,45.27,9507093
2017-11-08,45.02,45.6012,44.67,45.12,6728855
2017-11-09,44.9,45.13,44.5647,45.01,5749482
2017-11-10,44.9,45.02,44.39,44.58,4565226
2017-11-13,44.29,44.49,43.98,44.21,5350462
2017-11-14,43.96,44.14,42.84,42.94,7938412
2017-11-15,42.48,42.69,41.51,41.69,10470451
2017-11-16,41.57,41.92,41.415,41.51,5721218
2017-11-17,41.65,41.98,41.31,41.77,5902502
2017-11-20,41.76,41.88,41.36,41.57,5806082
2017-11-21,41.87,41.93,40.98,41.17,11601638
2017-11-22,41.52,41.6,41.3,41.43,4915973
2017-11-24,41.66,41.905,41.46,41.58,3352660
2017-11-27,41.35,41.65,40.89,41.07,5376413
2017-11-28,41.02,41.17,40.72,41.02,8102814
2017-11-29,41.07,41.57,40.86,41.3,7383593
2017-11-30,41.48,42.24,41.36,41.78,13390356
2017-12-01,41.87,43.57,41.85,43.06,18066381
2017-12-04,43.16,45.21,43.06,43.89,13897200
2017-12-05,44.02,44.35,43.55,43.63,8993046
2017-12-06,43.37,43.555,42.71,43.38,8807665
2017-12-07,43.38,43.86,43.17,43.46,6269352
2017-12-08,43.78,44.26,43.63,43.99,8178176
2017-12-11,44.08,45.2499,44.05,45.16,11262885
2017-12-12,45.33,45.8,44.995,45.24,9823464
2017-12-13,45.2,45.4,44.49,44.76,7717137
2017-12-14,44.3,44.9,44.11,44.41,7172883
2017-12-15,44.78,45.04,44.51,44.61,9721631
2017-12-18,44.76,45.845,44.72,45.48,7610774
2017-12-19,45.64,46.67,45.56,45.87,8005305
2017-12-20,46.215,47.61,46.09,47.42,9148939
2017-12-21,47.6,48.7,47.2,48.17,10710621
2017-12-22,48.32,48.36,47.6876,48.01,6767823
2017-12-26,48.13,48.94,47.915,48.77,4983913
2017-12-27,48.92,49.29,48.515,48.82,5409897
2017-12-28,48.85,48.91,48.4,48.57,3884245
2017-12-29,48.68,49.06,48.13,48.87,5194819
2018-01-02,48.92,49.84,48.72,49.61,7269233
2018-01-03,49.8,51.08,49.52,50.5,11181926
2018-01-04,50.86,51.775,50.23,51.63,10142711
2018-01-05,51.46,51.9,50.95,51.82,8617344
2018-01-08,51.66,52.36,51.4,52.29,7611860
2018-01-09,52.43,52.66,51.6,52.11,8587371
2018-01-10,52.1,52.59,51.66,52.47,9714221
2018-01-11,52.57,53.69,52.22,53.33,9086720
2018-01-12,53.18,53.52,52.68,53.14,9026830
2018-01-16,53.03,53.21,51.9001,52.13,10231608
2018-01-17,52.48,53.33,52.1,52.85,8479932
2018-01-18,52.63,53.07,52.2106,52.36,8387985
2018-01-19,52.02,53.18,51.42,53.01,10387970
2018-01-22,54.02,56.445,53.64,56.4,17802754
2018-01-23,56.63,57.86,56.47,56.83,13756767
2018-01-24,56.73,56.84,55.32,55.34,12321206
2018-01-25,55.67,56.26,55.15,55.2,9436063
2018-01-26,55.5,55.955,55.16,55.61,7495075
2018-01-29,55.32,55.6,54.61,54.8,8567477
2018-01-30,54.24,54.25,53.085,54.14,10719509
2018-01-31,54.18,54.43,52.81,53.7,8580754
2018-02-01,53.63,54.695,53.43,54.51,8530414
2018-02-02,54.0,54.095,51.68,52.19,14070770
2018-02-05,51.49,52.42,49.67,50.04,12398528
2018-02-06,48.76,51.27,48.57,50.63,11153185
2018-02-07,50.77,51.41,49.675,49.69,8631553
